{"cameraMode":{"drawMode":0,"name":"Shaded","section":"Shading Mode"},"sceneLighting":true,"audioPlay":false,"sceneViewState":{"m_AlwaysRefresh":false,"showFog":true,"showSkybox":true,"showFlares":true,"showImageEffects":true,"showParticleSystems":true,"showVisualEffectGraphs":true,"m_FxEnabled":true},"in2DMode":false,"pivot":{"x":97.89901733398438,"y":-19.017555236816408,"z":163.7863006591797},"rotation":{"x":0.2423723191022873,"y":-0.000004355987130111316,"z":4.304521041831322e-7,"w":0.9701856374740601},"size":146.39337158203126,"orthographic":false}